Proj_No,Name,Group,Marker Icon,Marker Color,Icon Color,Custom Size,Image,Description,Location,Latitude,Longitude,Found,Quality,Source,Popup Narrative,More_URL,STATUS,DOTD_no,ProjectName,Project Type,Topographical Survey,SUE,Geotechnical,Preliminary Design,Final Design,ROW Maps,ROW Parcels Acquisition,Utility Relocations,Advertized for Letting,Current Stage,Comments,Project Length,Designer,Design Cost,Design Completed,Contractor,Estimated Construction Cost,Construction Start Date,Expected Duration,Construction Complete
ENG-12-025,Roundabout: Churchpoint @ Roddy Road,Roundabouts,flip_camera_android,black,white,,https://moveascension.firebaseapp.com/img/projects/eng-12-025/Roddy-Church_Point-roundabout-Fenstermaker-tn.jpg,"Roundabout at Churchpoint/Roddy <br><div style=""text-align:right""><a href=""https://moveascension.firebaseapp.com/projects/eng-12-025/"" target=""_blank"">More...</a></div>",,30.24012319,-90.90391177,,,shapefile,Roundabout at Churchpoint/Roddy,"<br><div style=""text-align:right""><a href=""https://moveascension.firebaseapp.com/projects/eng-12-025/"" target=""_blank"">More...</a></div>",Pre-Construction : Ongoing,,Roddy Rd @ Churchpoint Roundabout,Roundabout,100%,100%,100%,100%,98%,100%,3/4,0/7,,Final Design,Tied to DOTD reviews - $1M in Safety funds,1.5 miles,Fenstermaker,"$90,700",6/29/2018,,,,,
ENG-17-014,Bridge Replacement: Babin Road,New Bridge,star,red,white,,https://moveascension.firebaseapp.com/img/projects/eng-17-014/eng-17-014-tn.jpg,"Replace the bridge over Bayou Narcisse on Babin Road. <br><div style=""text-align:right""><a href=""https://moveascension.firebaseapp.com/projects/eng-17-014/"" target=""_blank"">More...</a></div>",,30.26219557,-90.9398932,,,shapefile,Replace the bridge over Bayou Narcisse on Babin Road.,"<br><div style=""text-align:right""><a href=""https://moveascension.firebaseapp.com/projects/eng-17-014/"" target=""_blank"">More...</a></div>",Completed,H.011540,Babin Rd bridge over Bayou Narcisse,New Bridge,100%,100%,100%,100%,100%,100%,5/5,4/4,2/11/2019,Bridges & Drainage,"Construction NTP - July 21, 2019",,T. Baker Smith,,,Merrick Construction,,8/19/2019,,2020
MA-17-03,Roundabout: Parker Road @ Parish Road 929,Roundabouts,flip_camera_android,black,white,,https://moveascension.firebaseapp.com/img/projects/ma-17-03/Parker-at-929-RAB-Conceptual-Layout-tn.jpg,"Converting a 4-way stop-controlled intersection at Parish Road 929 and Parker Road to one with a Roundabout to improve traffic flow through the intersection. <br><div style=""text-align:right""><a href=""https://moveascension.firebaseapp.com/projects/ma-17-03/"" target=""_blank"">More...</a></div>",,30.31371017,-90.93907294,,,shapefile,Converting a 4-way stop-controlled intersection at Parish Road 929 and Parker Road to one with a Roundabout to improve traffic flow through the intersection.,"<br><div style=""text-align:right""><a href=""https://moveascension.firebaseapp.com/projects/ma-17-03/"" target=""_blank"">More...</a></div>",Pre-Construction : Ongoing,,PR 929/Parker Roundabout,Roundabout,100%,100%,100%,100%,75%,40%,0/6,0/7,,Final Design,Tied to DOTD reviews - $1M in Safety funds,1.5 miles,"Buchart Horn
","$456,495",,,,,,
MA-17-04a,Hwy 932 @ Merrit Evans / Devall Rd,Intersection Improvement,open_with,blue,white,,https://moveascension.firebaseapp.com/img/projects/ma-17-04/aerial-ma-17-04a-zoom.jpg,"Intersection adjustments on Joe Sevario Rd. to improve turn radii and sight distances for better operational flow. <br><div style=""text-align:right""><a href=""https://moveascension.firebaseapp.com/projects/ma-17-04/"" target=""_blank"">More...</a></div>",,30.299021,-90.904753,,,manual,Intersection adjustments on Joe Sevario Rd. to improve turn radii and sight distances for better operational flow.,"<br><div style=""text-align:right""><a href=""https://moveascension.firebaseapp.com/projects/ma-17-04/"" target=""_blank"">More...</a></div>",Pre-Construction : Ongoing,,Joe Sevario (932) at Merrit Evans / Devall,Intersection Improvements,100%,100%,100%,100%,100%,100%,4/4,0/4,,Final Design,,,SJB Group,"$32,810",8/9/19,,,,,
MA-17-04b,Hwy 932 @ Norwood Rd,Intersection Improvement,open_with,blue,white,,https://moveascension.firebaseapp.com/img/projects/ma-17-04/aerial-ma-17-04b-zoom.jpg,"Intersection adjustments on Joe Sevario Rd. to improve turn radii and sight distances for better operational flow. <br><div style=""text-align:right""><a href=""https://moveascension.firebaseapp.com/projects/ma-17-04/"" target=""_blank"">More...</a></div>",,30.291653,-90.904638,,,manual,Intersection adjustments on Joe Sevario Rd. to improve turn radii and sight distances for better operational flow.,"<br><div style=""text-align:right""><a href=""https://moveascension.firebaseapp.com/projects/ma-17-04/"" target=""_blank"">More...</a></div>",Pre-Construction : Ongoing,,Joe Sevario (932) at Norwood,Intersection Improvements,100%,100%,100%,100%,100%,100%,2/2,0/4,,Final Design,,,SJB Group,"$32,810",8/9/19,,,,,
MA-17-07,Turn Lane Analysis: Old Jefferson @ Oakland,Turn Lanes,directions,#BA68C8,white,,https://moveascension.firebaseapp.com/img/banners/ma-17-07.png,"This project involves traffic analyses for intersection improvements and determination of the most appropriate operational project scope (turn lanes, signalization, roundabouts, etc) at the following location: LA 73 @ Oakland Dr <br><div style=""text-align:right""><a href=""https://moveascension.firebaseapp.com/projects/ma-17-07/"" target=""_blank"">More...</a></div>",,,,,,shapefile,"This project involves traffic analyses for intersection improvements and determination of the most appropriate operational project scope (turn lanes, signalization, roundabouts, etc) at the following location: LA 73 @ Oakland Dr","<br><div style=""text-align:right""><a href=""https://moveascension.firebaseapp.com/projects/ma-17-07/"" target=""_blank"">More...</a></div>",Planning,,LA Hwy 73 Intersection Analysis,Turn Lanes,,,,,,,N/A,N/A,N/A,Completed,(Old Jefferson Hwy),,Neel Schaffer,"$117,261",,,,N/A,,
MA-17-07,Turn Lane Analysis: Old Jefferson @ Brown,Turn Lanes,directions,#BA68C8,white,,https://moveascension.firebaseapp.com/img/banners/ma-17-07.png,"This project involves traffic analyses for intersection improvements and determination of the most appropriate operational project scope (turn lanes, signalization, roundabouts, etc) at the following location: LA 73 @ Brown Rd <br><div style=""text-align:right""><a href=""https://moveascension.firebaseapp.com/projects/ma-17-07/"" target=""_blank"">More...</a></div>",,,,,,shapefile,"This project involves traffic analyses for intersection improvements and determination of the most appropriate operational project scope (turn lanes, signalization, roundabouts, etc) at the following location: LA 73 @ Brown Rd","<br><div style=""text-align:right""><a href=""https://moveascension.firebaseapp.com/projects/ma-17-07/"" target=""_blank"">More...</a></div>",Completed,,LA Hwy 73 Intersection Analysis,Turn Lanes,,,,,,,N/A,N/A,N/A,Completed,(Old Jefferson Hwy),,Neel Schaffer,"$117,261",,,,N/A,,
MA-17-07,"Turn Lane Analysis: Old Jefferson @ Henry, Brown & Oakland",Turn Lanes,directions,#BA68C8,white,,https://moveascension.firebaseapp.com/img/banners/ma-17-07.png,"This project involves traffic analyses for intersection improvements and determination of the most appropriate operational project scope (turn lanes, signalization, roundabouts, etc) at the following location: LA 73 @ Henry Rd <br><div style=""text-align:right""><a href=""https://moveascension.firebaseapp.com/projects/ma-17-07/"" target=""_blank"">More...</a></div>",,30.331988,-90.980939,,,shapefile,"This project involves traffic analyses for intersection improvements and determination of the most appropriate operational project scope (turn lanes, signalization, roundabouts, etc) at the following location: LA 73 @ Henry Rd","<br><div style=""text-align:right""><a href=""https://moveascension.firebaseapp.com/projects/ma-17-07/"" target=""_blank"">More...</a></div>",Completed,,LA Hwy 73 Intersection Analysis,Turn Lanes,,,,,,,N/A,N/A,N/A,Completed,(Old Jefferson Hwy),,Neel Schaffer,"$117,261",,,,N/A,,
MA-17-08,Airline Hwy Signal Synchronization,Signalization,markers/traffic-signal-32.png,,,,https://moveascension.firebaseapp.com/img/banners/ma-17-08.png,"Sync of signals at 19 intersections along Airline Highway has been completed. <br><div style=""text-align:right""><a href=""https://moveascension.firebaseapp.com/projects/ma-17-08/"" target=""_blank"">More...</a></div>",,30.21169549,-90.88157654,,,shapefile,Sync of signals at 19 intersections along Airline Highway has been completed.,"<br><div style=""text-align:right""><a href=""https://moveascension.firebaseapp.com/projects/ma-17-08/"" target=""_blank"">More...</a></div>",Completed,,US 61 Signal Timing,Signalization,N/A,N/A,N/A,N/A,N/A,N/A,N/A,N/A,N/A,Completed,100% Complete,,Neel Schaffer,"$64,652",10/2017,,,N/A,,
MA-17-08,Airline Hwy Signal Synchronization,Signalization,markers/traffic-signal-32.png,,,,https://moveascension.firebaseapp.com/img/banners/ma-17-08.png,"Sync of signals at 19 intersections along Airline Highway has been completed. <br><div style=""text-align:right""><a href=""https://moveascension.firebaseapp.com/projects/ma-17-08/"" target=""_blank"">More...</a></div>",,30.22889139,-90.90396462,,,shapefile,Sync of signals at 19 intersections along Airline Highway has been completed.,"<br><div style=""text-align:right""><a href=""https://moveascension.firebaseapp.com/projects/ma-17-08/"" target=""_blank"">More...</a></div>",Completed,,US 61 Signal Timing,Signalization,N/A,N/A,N/A,N/A,N/A,N/A,N/A,N/A,N/A,Completed,100% Complete,,Neel Schaffer,"$64,652",10/2017,,,N/A,,
MA-17-08,Airline Hwy Signal Synchronization,Signalization,markers/traffic-signal-32.png,,,,https://moveascension.firebaseapp.com/img/banners/ma-17-08.png,"Sync of signals at 19 intersections along Airline Highway has been completed. <br><div style=""text-align:right""><a href=""https://moveascension.firebaseapp.com/projects/ma-17-08/"" target=""_blank"">More...</a></div>",,30.23304534,-90.90881126,,,shapefile,Sync of signals at 19 intersections along Airline Highway has been completed.,"<br><div style=""text-align:right""><a href=""https://moveascension.firebaseapp.com/projects/ma-17-08/"" target=""_blank"">More...</a></div>",Completed,,US 61 Signal Timing,Signalization,N/A,N/A,N/A,N/A,N/A,N/A,N/A,N/A,N/A,Completed,100% Complete,,Neel Schaffer,"$64,652",10/2017,,,N/A,,
MA-17-08,Airline Hwy Signal Synchronization,Signalization,markers/traffic-signal-32.png,,,,https://moveascension.firebaseapp.com/img/banners/ma-17-08.png,"Sync of signals at 19 intersections along Airline Highway has been completed. <br><div style=""text-align:right""><a href=""https://moveascension.firebaseapp.com/projects/ma-17-08/"" target=""_blank"">More...</a></div>",,30.23645844,-90.91194553,,,shapefile,Sync of signals at 19 intersections along Airline Highway has been completed.,"<br><div style=""text-align:right""><a href=""https://moveascension.firebaseapp.com/projects/ma-17-08/"" target=""_blank"">More...</a></div>",Completed,,US 61 Signal Timing,Signalization,N/A,N/A,N/A,N/A,N/A,N/A,N/A,N/A,N/A,Completed,100% Complete,,Neel Schaffer,"$64,652",10/2017,,,N/A,,
MA-17-08,Airline Hwy Signal Synchronization,Signalization,markers/traffic-signal-32.png,,,,https://moveascension.firebaseapp.com/img/banners/ma-17-08.png,"Sync of signals at 19 intersections along Airline Highway has been completed. <br><div style=""text-align:right""><a href=""https://moveascension.firebaseapp.com/projects/ma-17-08/"" target=""_blank"">More...</a></div>",,30.24007285,-90.91522874,,,shapefile,Sync of signals at 19 intersections along Airline Highway has been completed.,"<br><div style=""text-align:right""><a href=""https://moveascension.firebaseapp.com/projects/ma-17-08/"" target=""_blank"">More...</a></div>",Completed,,US 61 Signal Timing,Signalization,N/A,N/A,N/A,N/A,N/A,N/A,N/A,N/A,N/A,Completed,100% Complete,,Neel Schaffer,"$64,652",10/2017,,,N/A,,
MA-17-08,Airline Hwy Signal Synchronization,Signalization,markers/traffic-signal-32.png,,,,https://moveascension.firebaseapp.com/img/banners/ma-17-08.png,"Sync of signals at 19 intersections along Airline Highway has been completed. <br><div style=""text-align:right""><a href=""https://moveascension.firebaseapp.com/projects/ma-17-08/"" target=""_blank"">More...</a></div>",,30.24631744,-90.92084915,,,shapefile,Sync of signals at 19 intersections along Airline Highway has been completed.,"<br><div style=""text-align:right""><a href=""https://moveascension.firebaseapp.com/projects/ma-17-08/"" target=""_blank"">More...</a></div>",Completed,,US 61 Signal Timing,Signalization,N/A,N/A,N/A,N/A,N/A,N/A,N/A,N/A,N/A,Completed,100% Complete,,Neel Schaffer,"$64,652",10/2017,,,N/A,,
MA-17-08,Airline Hwy Signal Synchronization,Signalization,markers/traffic-signal-32.png,,,,https://moveascension.firebaseapp.com/img/banners/ma-17-08.png,"Sync of signals at 19 intersections along Airline Highway has been completed. <br><div style=""text-align:right""><a href=""https://moveascension.firebaseapp.com/projects/ma-17-08/"" target=""_blank"">More...</a></div>",,30.24974822,-90.92397293,,,shapefile,Sync of signals at 19 intersections along Airline Highway has been completed.,"<br><div style=""text-align:right""><a href=""https://moveascension.firebaseapp.com/projects/ma-17-08/"" target=""_blank"">More...</a></div>",Completed,,US 61 Signal Timing,Signalization,N/A,N/A,N/A,N/A,N/A,N/A,N/A,N/A,N/A,Completed,100% Complete,,Neel Schaffer,"$64,652",10/2017,,,N/A,,
MA-17-08,Airline Hwy Signal Synchronization,Signalization,markers/traffic-signal-32.png,,,,https://moveascension.firebaseapp.com/img/banners/ma-17-08.png,"Sync of signals at 19 intersections along Airline Highway has been completed. <br><div style=""text-align:right""><a href=""https://moveascension.firebaseapp.com/projects/ma-17-08/"" target=""_blank"">More...</a></div>",,30.25706898,-90.93060621,,,shapefile,Sync of signals at 19 intersections along Airline Highway has been completed.,"<br><div style=""text-align:right""><a href=""https://moveascension.firebaseapp.com/projects/ma-17-08/"" target=""_blank"">More...</a></div>",Completed,,US 61 Signal Timing,Signalization,N/A,N/A,N/A,N/A,N/A,N/A,N/A,N/A,N/A,Completed,100% Complete,,Neel Schaffer,"$64,652",10/2017,,,N/A,,
MA-17-08,Airline Hwy Signal Synchronization,Signalization,markers/traffic-signal-32.png,,,,https://moveascension.firebaseapp.com/img/banners/ma-17-08.png,"Sync of signals at 19 intersections along Airline Highway has been completed. <br><div style=""text-align:right""><a href=""https://moveascension.firebaseapp.com/projects/ma-17-08/"" target=""_blank"">More...</a></div>",,30.26211823,-90.93519188,,,shapefile,Sync of signals at 19 intersections along Airline Highway has been completed.,"<br><div style=""text-align:right""><a href=""https://moveascension.firebaseapp.com/projects/ma-17-08/"" target=""_blank"">More...</a></div>",Completed,,US 61 Signal Timing,Signalization,N/A,N/A,N/A,N/A,N/A,N/A,N/A,N/A,N/A,Completed,100% Complete,,Neel Schaffer,"$64,652",10/2017,,,N/A,,
MA-17-08,Airline Hwy Signal Synchronization,Signalization,markers/traffic-signal-32.png,,,,https://moveascension.firebaseapp.com/img/banners/ma-17-08.png,"Sync of signals at 19 intersections along Airline Highway has been completed. <br><div style=""text-align:right""><a href=""https://moveascension.firebaseapp.com/projects/ma-17-08/"" target=""_blank"">More...</a></div>",,30.26945947,-90.94179246,,,shapefile,Sync of signals at 19 intersections along Airline Highway has been completed.,"<br><div style=""text-align:right""><a href=""https://moveascension.firebaseapp.com/projects/ma-17-08/"" target=""_blank"">More...</a></div>",Completed,,US 61 Signal Timing,Signalization,N/A,N/A,N/A,N/A,N/A,N/A,N/A,N/A,N/A,Completed,100% Complete,,Neel Schaffer,"$64,652",10/2017,,,N/A,,
MA-17-08,Airline Hwy Signal Synchronization,Signalization,markers/traffic-signal-32.png,,,,https://moveascension.firebaseapp.com/img/banners/ma-17-08.png,"Sync of signals at 19 intersections along Airline Highway has been completed. <br><div style=""text-align:right""><a href=""https://moveascension.firebaseapp.com/projects/ma-17-08/"" target=""_blank"">More...</a></div>",,30.28396809,-90.95495036,,,shapefile,Sync of signals at 19 intersections along Airline Highway has been completed.,"<br><div style=""text-align:right""><a href=""https://moveascension.firebaseapp.com/projects/ma-17-08/"" target=""_blank"">More...</a></div>",Completed,,US 61 Signal Timing,Signalization,N/A,N/A,N/A,N/A,N/A,N/A,N/A,N/A,N/A,Completed,100% Complete,,Neel Schaffer,"$64,652",10/2017,,,N/A,,
MA-17-08,Airline Hwy Signal Synchronization,Signalization,markers/traffic-signal-32.png,,,,https://moveascension.firebaseapp.com/img/banners/ma-17-08.png,"Sync of signals at 19 intersections along Airline Highway has been completed. <br><div style=""text-align:right""><a href=""https://moveascension.firebaseapp.com/projects/ma-17-08/"" target=""_blank"">More...</a></div>",,30.29843201,-90.96803512,,,shapefile,Sync of signals at 19 intersections along Airline Highway has been completed.,"<br><div style=""text-align:right""><a href=""https://moveascension.firebaseapp.com/projects/ma-17-08/"" target=""_blank"">More...</a></div>",Completed,,US 61 Signal Timing,Signalization,N/A,N/A,N/A,N/A,N/A,N/A,N/A,N/A,N/A,Completed,100% Complete,,Neel Schaffer,"$64,652",10/2017,,,N/A,,
MA-17-08,Airline Hwy Signal Synchronization,Signalization,markers/traffic-signal-32.png,,,,https://moveascension.firebaseapp.com/img/banners/ma-17-08.png,"Sync of signals at 19 intersections along Airline Highway has been completed. <br><div style=""text-align:right""><a href=""https://moveascension.firebaseapp.com/projects/ma-17-08/"" target=""_blank"">More...</a></div>",,30.30308694,-90.97228175,,,shapefile,Sync of signals at 19 intersections along Airline Highway has been completed.,"<br><div style=""text-align:right""><a href=""https://moveascension.firebaseapp.com/projects/ma-17-08/"" target=""_blank"">More...</a></div>",Completed,,US 61 Signal Timing,Signalization,N/A,N/A,N/A,N/A,N/A,N/A,N/A,N/A,N/A,Completed,100% Complete,,Neel Schaffer,"$64,652",10/2017,,,N/A,,
MA-17-08,Airline Hwy Signal Synchronization,Signalization,markers/traffic-signal-32.png,,,,https://moveascension.firebaseapp.com/img/banners/ma-17-08.png,"Sync of signals at 19 intersections along Airline Highway has been completed. <br><div style=""text-align:right""><a href=""https://moveascension.firebaseapp.com/projects/ma-17-08/"" target=""_blank"">More...</a></div>",,30.30414421,-90.97322509,,,shapefile,Sync of signals at 19 intersections along Airline Highway has been completed.,"<br><div style=""text-align:right""><a href=""https://moveascension.firebaseapp.com/projects/ma-17-08/"" target=""_blank"">More...</a></div>",Completed,,US 61 Signal Timing,Signalization,N/A,N/A,N/A,N/A,N/A,N/A,N/A,N/A,N/A,Completed,100% Complete,,Neel Schaffer,"$64,652",10/2017,,,N/A,,
MA-17-08,Airline Hwy Signal Synchronization,Signalization,markers/traffic-signal-32.png,,,,https://moveascension.firebaseapp.com/img/banners/ma-17-08.png,"Sync of signals at 19 intersections along Airline Highway has been completed. <br><div style=""text-align:right""><a href=""https://moveascension.firebaseapp.com/projects/ma-17-08/"" target=""_blank"">More...</a></div>",,30.31669351,-90.97724585,,,shapefile,Sync of signals at 19 intersections along Airline Highway has been completed.,"<br><div style=""text-align:right""><a href=""https://moveascension.firebaseapp.com/projects/ma-17-08/"" target=""_blank"">More...</a></div>",Completed,,US 61 Signal Timing,Signalization,N/A,N/A,N/A,N/A,N/A,N/A,N/A,N/A,N/A,Completed,100% Complete,,Neel Schaffer,"$64,652",10/2017,,,N/A,,
MA-17-08,Airline Hwy Signal Synchronization,Signalization,markers/traffic-signal-32.png,,,,https://moveascension.firebaseapp.com/img/banners/ma-17-08.png,"Sync of signals at 19 intersections along Airline Highway has been completed. <br><div style=""text-align:right""><a href=""https://moveascension.firebaseapp.com/projects/ma-17-08/"" target=""_blank"">More...</a></div>",,30.3204669,-90.97828255,,,shapefile,Sync of signals at 19 intersections along Airline Highway has been completed.,"<br><div style=""text-align:right""><a href=""https://moveascension.firebaseapp.com/projects/ma-17-08/"" target=""_blank"">More...</a></div>",Completed,,US 61 Signal Timing,Signalization,N/A,N/A,N/A,N/A,N/A,N/A,N/A,N/A,N/A,Completed,100% Complete,,Neel Schaffer,"$64,652",10/2017,,,N/A,,
MA-17-08,Airline Hwy Signal Synchronization,Signalization,markers/traffic-signal-32.png,,,,https://moveascension.firebaseapp.com/img/banners/ma-17-08.png,"Sync of signals at 19 intersections along Airline Highway has been completed. <br><div style=""text-align:right""><a href=""https://moveascension.firebaseapp.com/projects/ma-17-08/"" target=""_blank"">More...</a></div>",,30.32364593,-90.97988887,,,shapefile,Sync of signals at 19 intersections along Airline Highway has been completed.,"<br><div style=""text-align:right""><a href=""https://moveascension.firebaseapp.com/projects/ma-17-08/"" target=""_blank"">More...</a></div>",Completed,,US 61 Signal Timing,Signalization,N/A,N/A,N/A,N/A,N/A,N/A,N/A,N/A,N/A,Completed,100% Complete,,Neel Schaffer,"$64,652",10/2017,,,N/A,,
MA-17-08,Airline Hwy Signal Synchronization,Signalization,markers/traffic-signal-32.png,,,,https://moveascension.firebaseapp.com/img/banners/ma-17-08.png,"Sync of signals at 19 intersections along Airline Highway has been completed. <br><div style=""text-align:right""><a href=""https://moveascension.firebaseapp.com/projects/ma-17-08/"" target=""_blank"">More...</a></div>",,30.33043978,-90.98388307,,,shapefile,Sync of signals at 19 intersections along Airline Highway has been completed.,"<br><div style=""text-align:right""><a href=""https://moveascension.firebaseapp.com/projects/ma-17-08/"" target=""_blank"">More...</a></div>",Completed,,US 61 Signal Timing,Signalization,N/A,N/A,N/A,N/A,N/A,N/A,N/A,N/A,N/A,Completed,100% Complete,,Neel Schaffer,"$64,652",10/2017,,,N/A,,
MA-17-08,Airline Hwy Signal Synchronization,Signalization,markers/traffic-signal-32.png,,,,https://moveascension.firebaseapp.com/img/banners/ma-17-08.png,"Sync of signals at 19 intersections along Airline Highway has been completed. <br><div style=""text-align:right""><a href=""https://moveascension.firebaseapp.com/projects/ma-17-08/"" target=""_blank"">More...</a></div>",,30.33292686,-90.98533525,,,shapefile,Sync of signals at 19 intersections along Airline Highway has been completed.,"<br><div style=""text-align:right""><a href=""https://moveascension.firebaseapp.com/projects/ma-17-08/"" target=""_blank"">More...</a></div>",Completed,,US 61 Signal Timing,Signalization,N/A,N/A,N/A,N/A,N/A,N/A,N/A,N/A,N/A,Completed,100% Complete,,Neel Schaffer,"$64,652",10/2017,,,N/A,,
MA-17-14,Signalization: LA 3089 @ LA Hwy 1,Signalization,markers/traffic-signal-32.png,,,,https://moveascension.firebaseapp.com/img/projects/ma-17-14/ma-17-14-tn.jpg,"This task order is a planning effort to faciliate better traffic flow along LA1/LA 3089 in and around the Donaldsonville area. This study has been completed and implemented by the LA DOTD. <br><div style=""text-align:right""><a href=""https://moveascension.firebaseapp.com/projects/ma-17-14/"" target=""_blank"">More...</a></div>",,30.10110951,-90.9941564,,,shapefile,This task order is a planning effort to faciliate better traffic flow along LA1/LA 3089 in and around the Donaldsonville area. This study has been completed and implemented by the LA DOTD.,"<br><div style=""text-align:right""><a href=""https://moveascension.firebaseapp.com/projects/ma-17-14/"" target=""_blank"">More...</a></div>",Completed,,LA 1 / LA 3089 Signal Timing,Signalization,N/A,N/A,N/A,N/A,N/A,N/A,N/A,N/A,N/A,Operation,100% Complete,,Neel Schaffer,"$63,500",6/10/2018,DOTD,,N/A,,
MA-18-02,Roundabout: PR 929 @ Braud Road,Roundabouts,flip_camera_android,black,white,,https://moveascension.firebaseapp.com/img/projects/ma-18-02/ma-18-02-tn.jpg,"Converting a 4-way stop-controlled intersection at Parish Road 929 and Braud Road to one with a Roundabout to improve traffic flow through the intersection. <br><div style=""text-align:right""><a href=""https://moveascension.firebaseapp.com/projects/ma-18-02/"" target=""_blank"">More...</a></div>",,30.29871366,-90.93873927,,,shapefile,Converting a 4-way stop-controlled intersection at Parish Road 929 and Braud Road to one with a Roundabout to improve traffic flow through the intersection.,"<br><div style=""text-align:right""><a href=""https://moveascension.firebaseapp.com/projects/ma-18-02/"" target=""_blank"">More...</a></div>",Pre-Construction : Negotiation,,PR 929 @ Braud Rd Roundabout,Roundabout,100%,100%,100%,100%,95%,90%,0/6,0/6,,Final Design,,,BKI,"$485,050",1/24/2019,,,,,
MA-18-03b,Turn Lanes: LA 73 at Oakland Dr.,Turn Lanes,directions,#BA68C8,white,,https://moveascension.firebaseapp.com/img/projects/ma-18-03/aerial_old-jefferson-at-oakland-dr-tn.jpg,"Adding turn lanes on Hwy. 73 Southbound at Oakland Drive as well as turn lanes onto LA 73 from Oakland. <br><div style=""text-align:right""><a href=""https://moveascension.firebaseapp.com/projects/ma-18-03b/"" target=""_blank"">More...</a></div>",,30.34261,-90.982585,,,shapefile,Adding turn lanes on Hwy. 73 Southbound at Oakland Drive as well as turn lanes onto LA 73 from Oakland.,"<br><div style=""text-align:right""><a href=""https://moveascension.firebaseapp.com/projects/ma-18-03b/"" target=""_blank"">More...</a></div>",Completed,,LA 73 Turn Lanes @ Oakland Dr.,Turn Lanes,100%,100%,100%,100%,100%,100%,2/2,5/5,Nov 2019,Operation,"Project ""B""",,Neel Schaffer,"$165,536",1/3/2019,"Boone Services, LLC","$648,423",,,
MA-18-03a,Turn Lanes: LA 73 at Brown Rd.,Turn Lanes,directions,#BA68C8,white,,https://moveascension.firebaseapp.com/img/projects/ma-18-03/aerial_old-jefferson-at-brown-rd-tn.jpg,"Adding turn lanes on Hwy. 73 Southbound at Brown Road as well as turn lanes onto LA 73 from Brown. <br><div style=""text-align:right""><a href=""https://moveascension.firebaseapp.com/projects/ma-18-03a/"" target=""_blank"">More...</a></div>",,30.328895,-90.979527,,,shapefile,Adding turn lanes on Hwy. 73 Southbound at Brown Road as well as turn lanes onto LA 73 from Brown.,"<br><div style=""text-align:right""><a href=""https://moveascension.firebaseapp.com/projects/ma-18-03a/"" target=""_blank"">More...</a></div>",Completed,,LA 73 Turn Lanes @ Brown Rd.,Turn Lanes,100%,100%,100%,100%,100%,100%,5/5,5/5,Nov 2019,Operation,"Project ""A""",,Neel Schaffer,"$165,536",1/2/2019,"Command Construction Industries, LLC","$734,918",,,
MA-18-04,Turn Lane: LA 73 @ Henry Road,Turn Lanes,directions,#BA68C8,white,,https://moveascension.firebaseapp.com/img/projects/ma-18-04/ma-18-04-tn.jpg,"Improving the Henry Road intersection leg at US 61 to include left, thru and right turn lanes. <br><div style=""text-align:right""><a href=""https://moveascension.firebaseapp.com/projects/ma-18-04/"" target=""_blank"">More...</a></div>",,30.30540311,-90.97266736,,,shapefile,"Improving the Henry Road intersection leg at US 61 to include left, thru and right turn lanes.","<br><div style=""text-align:right""><a href=""https://moveascension.firebaseapp.com/projects/ma-18-04/"" target=""_blank"">More...</a></div>",Completed,,LA 73 Turn Lanes (Henry Rd),Turn Lanes,100%,100%,100%,100%,100%,100%,1/1,5/5,Nov 2019,Operation,,,GSA Consulting,"$187,260",11/8/2018,Kort Construction Services,"$874,146",,,12/2020
MA-18-05,Turn Lane: Germany Road @ US 61,Turn Lanes,directions,#BA68C8,white,,https://moveascension.firebaseapp.com/img/projects/ma-18-05/ma-18-05-tn.jpg,"Improving the Germany Road intersection leg at US 61 to include left, thru and right turn lanes. <br><div style=""text-align:right""><a href=""https://moveascension.firebaseapp.com/projects/ma-18-05/"" target=""_blank"">More...</a></div>",,30.28396617,-90.95449958,,,shapefile,"Improving the Germany Road intersection leg at US 61 to include left, thru and right turn lanes.","<br><div style=""text-align:right""><a href=""https://moveascension.firebaseapp.com/projects/ma-18-05/"" target=""_blank"">More...</a></div>",Pre-Construction : Ongoing,,US 61 & Germany Rd Intersection Impr.,Turn Lanes,100%,100%,100%,100%,95%,100%,8/8,1/5,,Final Design,Project tied to DOTD traffic signal reviews/approvals,,Evans-Graves,"$174,260",12/31/2018,,,,,
MA-18-07,Roundabout: Braud Road @ Germany Road,Roundabouts,flip_camera_android,black,white,,https://moveascension.firebaseapp.com/img/banners/thumb_roundabout_240x160.jpg,"Converting a 4-way stop-controlled intersection at Braud Road and Germany Road to one with a Roundabout to improve traffic flow through the intersection. <br><div style=""text-align:right""><a href=""https://moveascension.firebaseapp.com/projects/ma-18-07/"" target=""_blank"">More...</a></div>",,30.28408947,-90.9384721,,,shapefile,Converting a 4-way stop-controlled intersection at Braud Road and Germany Road to one with a Roundabout to improve traffic flow through the intersection.,"<br><div style=""text-align:right""><a href=""https://moveascension.firebaseapp.com/projects/ma-18-07/"" target=""_blank"">More...</a></div>",Pre-Construction : Ongoing,,Braud Rd @ Germany Rd Roundabout,Roundabout,100%,100%,100%,100%,95%,100%,22/24,0/6,,Final Design,,,T. Baker Smith,"$414,940",11/13/2018,,,5/1/2018,,
MA-18-08,Roundabout: LA 930 @ Henry Road,Roundabouts,flip_camera_android,black,white,,https://moveascension.firebaseapp.com/img/banners/thumb_roundabout_240x160.jpg,"Converting a 4-way stop-controlled intersection at LA 930 and Henry Road to one with a Roundabout to improve traffic flow through the intersection. <br><div style=""text-align:right""><a href=""https://moveascension.firebaseapp.com/projects/ma-18-08/"" target=""_blank"">More...</a></div>",,30.30589433,-90.9557144,,,shapefile,Converting a 4-way stop-controlled intersection at LA 930 and Henry Road to one with a Roundabout to improve traffic flow through the intersection.,"<br><div style=""text-align:right""><a href=""https://moveascension.firebaseapp.com/projects/ma-18-08/"" target=""_blank"">More...</a></div>",Pre-Construction : Ongoing,,LA 930 @ Henry Rd Roundabout,Roundabout,100%,100%,100%,100%,100%,100%,4/4,5/7,,Final Design,,,"Shread-Kuyrkendall and Associates, Inc. (SKA)","$403,815",11/13/2018,"Magee Excavation & Development, LLC","$1,342,000",3/1/2021,120 days,
MA-18-10,Roundabout: Roddy Road @ LA 931,Roundabouts,flip_camera_android,black,white,,https://moveascension.firebaseapp.com/img/banners/thumb_roundabout_240x160.jpg,"Converting a 4-way stop-controlled intersection at LA 931 and Roddy Road to one with a Roundabout to improve traffic flow through the intersection. <br><div style=""text-align:right""><a href=""https://moveascension.firebaseapp.com/projects/ma-18-10/"" target=""_blank"">More...</a></div>",,30.28425606,-90.90459279,,,shapefile,Converting a 4-way stop-controlled intersection at LA 931 and Roddy Road to one with a Roundabout to improve traffic flow through the intersection.,"<br><div style=""text-align:right""><a href=""https://moveascension.firebaseapp.com/projects/ma-18-10/"" target=""_blank"">More...</a></div>",Pre-Construction : Ongoing,,Roddy Rd. @ LA 931 Roundabout,Roundabout,100%,100%,100%,45%,,,0/4,0/5,,Preliminary Design,Project tied to DOTD reviews/approvals,,Buchart-Horn,"$594,241",5/14/2019,,,,,
MA-18-11,Roundabout: SR 929 @ LA 930,Roundabouts,flip_camera_android,black,white,,https://moveascension.firebaseapp.com/img/banners/thumb_roundabout_240x160.jpg,"Converting a 4-way stop-controlled intersection at PR 929 and LA 930 to one with a Roundabout to improve traffic flow through the intersection. <br><div style=""text-align:right""><a href=""https://moveascension.firebaseapp.com/projects/ma-18-11/"" target=""_blank"">More...</a></div>",,30.29857591,-90.95558485,,,shapefile,Converting a 4-way stop-controlled intersection at PR 929 and LA 930 to one with a Roundabout to improve traffic flow through the intersection.,"<br><div style=""text-align:right""><a href=""https://moveascension.firebaseapp.com/projects/ma-18-11/"" target=""_blank"">More...</a></div>",Pre-Construction : Ongoing,,SR 929 @ LA 930 Roundabout,Roundabout,100%,100%,100%,100%,98%,100%,4/6,0/5,,Final Design,,,Volkert,"$421,635",11/25/2018,,,,,
MA-19-02,Roddy Rd. @ LA 621 Roundabout,Roundabouts,flip_camera_android,black,white,,https://moveascension.firebaseapp.com/img/banners/thumb_roundabout_240x160.jpg,"Converting a 4-way stop-controlled intersection at Roddy Road and LA 621 to a Roundabout to improve traffic flow through the intersection. <br><div style=""text-align:right""><a href=""https://moveascension.firebaseapp.com/projects/ma-19-02/"" target=""_blank"">More...</a></div>",,30.269579,-90.904322,,,list,Converting a 4-way stop-controlled intersection at Roddy Road and LA 621 to a Roundabout to improve traffic flow through the intersection.,"<br><div style=""text-align:right""><a href=""https://moveascension.firebaseapp.com/projects/ma-19-02/"" target=""_blank"">More...</a></div>",Pre-Construction : Ongoing,,Roddy Rd. @ LA 621 Roundabout,Roundabout,0%,0%,0%,0%,0%,0%,,,,Planning,,,,,,,,,,
MA-19-03,Joe Servio Rd. @ LA 933 Roundabout,Roundabouts,flip_camera_android,black,white,,https://moveascension.firebaseapp.com/img/banners/thumb_roundabout_240x160.jpg,"Converting a 4-way stop-controlled intersection at Roddy Road and LA 621 to a Roundabout to improve traffic flow through the intersection. <br><div style=""text-align:right""><a href=""https://moveascension.firebaseapp.com/projects/ma-19-03/"" target=""_blank"">More...</a></div>",,30.313882,-90.905051,,,list,Converting a 4-way stop-controlled intersection at Roddy Road and LA 621 to a Roundabout to improve traffic flow through the intersection.,"<br><div style=""text-align:right""><a href=""https://moveascension.firebaseapp.com/projects/ma-19-03/"" target=""_blank"">More...</a></div>",Pre-Construction : Ongoing,,Joe Servio Rd. @ LA 933 Roundabout,Roundabout,0%,0%,0%,0%,0%,0%,,,,Planning,,,,,,,,,,
MA-21-02,LA 73 @ Bluff Rd. Connector Roundabout,Roundabouts,flip_camera_android,black,white,,https://moveascension.firebaseapp.com/img/banners/thumb_roundabout_240x160.jpg,"Proposing a roundabout on LA 73 at the juncture of a future connector road to Bluff Rd., positioned south of the I-10 interchange. <br><div style=""text-align:right""><a href=""https://moveascension.firebaseapp.com/projects/ma-21-02/"" target=""_blank"">More...</a></div>",,30.266755,-90.98773,,,list,"Proposing a roundabout on LA 73 at the juncture of a future connector road to Bluff Rd., positioned south of the I-10 interchange.","<br><div style=""text-align:right""><a href=""https://moveascension.firebaseapp.com/projects/ma-21-02/"" target=""_blank"">More...</a></div>",Pre-Construction : Ongoing,,LA 73 @ Bluff Rd. Connector Roundabout,Roundabout,0%,0%,0%,0%,0%,0%,,,,Planning,,,,,,,,,,